<?xml version="1.0" encoding="UTF-8"?>
<part xmlns="http://www.eclipse.org/mat/report/" name="Leak Suspects" status="ERROR" file="index.html">
<part name="System Overview" file="System_Overview13.html">
<part name="Heap Dump Overview" file="System_Overview13.html"/>
<part name="System Properties" file="System_Properties15.html"/>
<part name="Thread Overview" file="Thread_Overview16.html"/>
<part name="Top Consumers" file="Top_Consumers20.html">
<part name="Biggest Objects (Overview)" file="Top_Consumers20.html"/>
<part name="Biggest Objects" file="Top_Consumers20.html"/>
<part name="Biggest Top-Level Dominator Classes (Overview)" file="Top_Consumers20.html"/>
<part name="Biggest Top-Level Dominator Classes" file="Top_Consumers20.html"/>
<part name="Biggest Top-Level Dominator Class Loaders (Overview)" file="Top_Consumers20.html"/>
<part name="Biggest Top-Level Dominator Class Loaders" file="Top_Consumers20.html"/>
<part name="Biggest Top-Level Dominator Packages" file="Top_Consumers20.html"/>
</part>
<part name="Class Histogram" file="Class_Histogram18.html"/>
</part>
<part name="Leaks" status="ERROR" file="index.html">
<part name="Overview" file="index.html"/>
<part name="Problem Suspect 1" status="ERROR" file="index.html">
<part name="Description" file="33.html"/>
<part name="Shortest Paths To the Accumulation Point" file="33.html"/>
<part name="Accumulated Objects" file="33.html"/>
<part name="Accumulated Objects by Class" file="33.html"/>
<part name="Thread Details" file="33.html">
<part name="Thread AWT-EventQueue-0" file="33.html">
<part name="Thread Properties" file="33.html"/>
</part>
</part>
</part>
<part name="Problem Suspect 2" status="ERROR" file="index.html">
<part name="Description" file="42.html"/>
<part name="Shortest Paths To the Accumulation Point" file="42.html"/>
<part name="Accumulated Objects" file="42.html"/>
<part name="Accumulated Objects by Class" file="42.html"/>
</part>
</part>
</part>
